Date,Subahu,Sunrise,Zuhar,Asar,Maghrib,Isha
01/01/2026,4:53 AM,6:16 AM,12:08 PM,3:29 PM,5:58 PM,7:13 PM
02/01/2026,4:54 AM,6:17 AM,12:08 PM,3:29 PM,5:59 PM,7:13 PM
03/01/2026,4:54 AM,6:17 AM,12:09 PM,3:29 PM,5:59 PM,7:14 PM
04/01/2026,4:55 AM,6:18 AM,12:09 PM,3:30 PM,6:00 PM,7:14 PM
05/01/2026,4:55 AM,6:18 AM,12:10 PM,3:30 PM,6:00 PM,7:14 PM
06/01/2026,4:56 AM,6:18 AM,12:10 PM,3:31 PM,6:01 PM,7:15 PM
07/01/2026,4:56 AM,6:19 AM,12:11 PM,3:31 PM,6:01 PM,7:15 PM
08/01/2026,4:57 AM,6:19 AM,12:11 PM,3:32 PM,6:02 PM,7:16 PM
09/01/2026,4:57 AM,6:20 AM,12:11 PM,3:32 PM,6:02 PM,7:16 PM
10/01/2026,4:57 AM,6:20 AM,12:12 PM,3:33 PM,6:03 PM,7:17 PM
11/01/2026,4:58 AM,6:20 AM,12:12 PM,3:33 PM,6:03 PM,7:17 PM
12/01/2026,4:58 AM,6:20 AM,12:13 PM,3:34 PM,6:04 PM,7:17 PM
13/01/2026,4:59 AM,6:21 AM,12:13 PM,3:34 PM,6:04 PM,7:18 PM
14/01/2026,4:59 AM,6:21 AM,12:13 PM,3:34 PM,6:05 PM,7:18 PM
15/01/2026,4:59 AM,6:21 AM,12:14 PM,3:35 PM,6:05 PM,7:19 PM
16/01/2026,5:00 AM,6:22 AM,12:14 PM,3:35 PM,6:06 PM,7:19 PM
17/01/2026,5:00 AM,6:22 AM,12:14 PM,3:36 PM,6:06 PM,7:19 PM
18/01/2026,5:00 AM,6:22 AM,12:15 PM,3:36 PM,6:07 PM,7:20 PM
19/01/2026,5:01 AM,6:22 AM,12:15 PM,3:36 PM,6:07 PM,7:20 PM
20/01/2026,5:01 AM,6:22 AM,12:15 PM,3:37 PM,6:08 PM,7:20 PM
21/01/2026,5:01 AM,6:23 AM,12:16 PM,3:37 PM,6:08 PM,7:21 PM
22/01/2026,5:01 AM,6:23 AM,12:16 PM,3:38 PM,6:08 PM,7:21 PM
23/01/2026,5:02 AM,6:23 AM,12:16 PM,3:38 PM,6:09 PM,7:21 PM
24/01/2026,5:02 AM,6:23 AM,12:17 PM,3:38 PM,6:09 PM,7:22 PM
25/01/2026,5:02 AM,6:23 AM,12:17 PM,3:38 PM,6:09 PM,7:22 PM
26/01/2026,5:02 AM,6:23 AM,12:17 PM,3:39 PM,6:10 PM,7:22 PM
27/01/2026,5:03 AM,6:23 AM,12:17 PM,3:39 PM,6:10 PM,7:22 PM
28/01/2026,5:03 AM,6:23 AM,12:17 PM,3:39 PM,6:11 PM,7:23 PM
29/01/2026,5:03 AM,6:23 AM,12:18 PM,3:39 PM,6:11 PM,7:23 PM
30/01/2026,5:03 AM,6:23 AM,12:18 PM,3:39 PM,6:11 PM,7:23 PM
31/01/2026,5:03 AM,6:23 AM,12:18 PM,3:39 PM,6:12 PM,7:23 PM
01/02/2026,5:03 AM,6:23 AM,12:18 PM,3:40 PM,6:12 PM,7:24 PM
02/02/2026,5:03 AM,6:23 AM,12:18 PM,3:40 PM,6:12 PM,7:24 PM
03/02/2026,5:03 AM,6:23 AM,12:18 PM,3:40 PM,6:13 PM,7:24 PM
04/02/2026,5:03 AM,6:23 AM,12:18 PM,3:40 PM,6:13 PM,7:24 PM
05/02/2026,5:04 AM,6:23 AM,12:19 PM,3:40 PM,6:13 PM,7:24 PM
06/02/2026,5:04 AM,6:23 AM,12:19 PM,3:40 PM,6:13 PM,7:24 PM
07/02/2026,5:04 AM,6:23 AM,12:19 PM,3:40 PM,6:13 PM,7:24 PM
08/02/2026,5:04 AM,6:23 AM,12:19 PM,3:40 PM,6:14 PM,7:25 PM
09/02/2026,5:04 AM,6:23 AM,12:19 PM,3:40 PM,6:14 PM,7:25 PM
10/02/2026,5:04 AM,6:23 AM,12:19 PM,3:40 PM,6:14 PM,7:25 PM
11/02/2026,5:04 AM,6:22 AM,12:19 PM,3:40 PM,6:14 PM,7:25 PM
12/02/2026,5:03 AM,6:22 AM,12:19 PM,3:40 PM,6:15 PM,7:25 PM
13/02/2026,5:03 AM,6:22 AM,12:19 PM,3:40 PM,6:15 PM,7:25 PM
14/02/2026,5:03 AM,6:22 AM,12:19 PM,3:40 PM,6:15 PM,7:25 PM
15/02/2026,5:03 AM,6:22 AM,12:19 PM,3:40 PM,6:15 PM,7:25 PM
16/02/2026,5:03 AM,6:21 AM,12:19 PM,3:40 PM,6:15 PM,7:25 PM
17/02/2026,5:03 AM,6:21 AM,12:19 PM,3:40 PM,6:15 PM,7:25 PM
18/02/2026,5:03 AM,6:21 AM,12:19 PM,3:39 PM,6:15 PM,7:25 PM
19/02/2026,5:03 AM,6:21 AM,12:19 PM,3:39 PM,6:15 PM,7:25 PM
20/02/2026,5:02 AM,6:20 AM,12:18 PM,3:39 PM,6:16 PM,7:25 PM
21/02/2026,5:02 AM,6:20 AM,12:18 PM,3:39 PM,6:16 PM,7:25 PM
22/02/2026,5:02 AM,6:20 AM,12:18 PM,3:39 PM,6:16 PM,7:25 PM
23/02/2026,5:02 AM,6:19 AM,12:18 PM,3:38 PM,6:16 PM,7:25 PM
24/02/2026,5:01 AM,6:19 AM,12:18 PM,3:38 PM,6:16 PM,7:25 PM
25/02/2026,5:01 AM,6:19 AM,12:18 PM,3:38 PM,6:16 PM,7:25 PM
26/02/2026,5:01 AM,6:18 AM,12:18 PM,3:37 PM,6:16 PM,7:25 PM
27/02/2026,5:01 AM,6:18 AM,12:18 PM,3:37 PM,6:16 PM,7:25 PM
28/02/2026,5:00 AM,6:18 AM,12:17 PM,3:37 PM,6:16 PM,7:25 PM
29/02/2026,5:00 AM,6:17 AM,12:17 PM,3:36 PM,6:16 PM,7:25 PM
01/03/2026,5:00 AM,6:17 AM,12:17 PM,3:36 PM,6:16 PM,7:25 PM
02/03/2026,4:59 AM,6:16 AM,12:17 PM,3:35 PM,6:16 PM,7:25 PM
03/03/2026,4:59 AM,6:16 AM,12:17 PM,3:35 PM,6:16 PM,7:25 PM
04/03/2026,4:58 AM,6:15 AM,12:16 PM,3:35 PM,6:16 PM,7:25 PM
05/03/2026,4:58 AM,6:15 AM,12:16 PM,3:34 PM,6:16 PM,7:25 PM
06/03/2026,4:58 AM,6:15 AM,12:16 PM,3:33 PM,6:16 PM,7:25 PM
07/03/2026,4:57 AM,6:14 AM,12:16 PM,3:33 PM,6:16 PM,7:25 PM
08/03/2026,4:57 AM,6:14 AM,12:15 PM,3:33 PM,6:16 PM,7:25 PM
09/03/2026,4:56 AM,6:13 AM,12:15 PM,3:32 PM,6:16 PM,7:25 PM
10/03/2026,4:56 AM,6:13 AM,12:15 PM,3:32 PM,6:16 PM,7:25 PM
11/03/2026,4:56 AM,6:12 AM,12:15 PM,3:31 PM,6:16 PM,7:25 PM
12/03/2026,4:55 AM,6:12 AM,12:14 PM,3:30 PM,6:16 PM,7:24 PM
13/03/2026,4:55 AM,6:11 AM,12:14 PM,3:30 PM,6:16 PM,7:24 PM
14/03/2026,4:54 AM,6:11 AM,12:14 PM,3:29 PM,6:16 PM,7:24 PM
15/03/2026,4:54 AM,6:11 AM,12:14 PM,3:28 PM,6:16 PM,7:24 PM
16/03/2026,4:53 AM,6:10 AM,12:13 PM,3:28 PM,6:15 PM,7:24 PM
17/03/2026,4:53 AM,6:09 AM,12:13 PM,3:27 PM,6:15 PM,7:24 PM
18/03/2026,4:52 AM,6:09 AM,12:13 PM,3:26 PM,6:15 PM,7:24 PM
19/03/2026,4:52 AM,6:08 AM,12:12 PM,3:26 PM,6:15 PM,7:24 PM
20/03/2026,4:51 AM,6:08 AM,12:12 PM,3:25 PM,6:15 PM,7:24 PM
21/03/2026,4:51 AM,6:07 AM,12:12 PM,3:24 PM,6:15 PM,7:24 PM
22/03/2026,4:50 AM,6:07 AM,12:11 PM,3:24 PM,6:15 PM,7:24 PM
23/03/2026,4:50 AM,6:06 AM,12:11 PM,3:23 PM,6:15 PM,7:24 PM
24/03/2026,4:49 AM,6:06 AM,12:11 PM,3:22 PM,6:15 PM,7:24 PM
25/03/2026,4:48 AM,6:05 AM,12:11 PM,3:21 PM,6:15 PM,7:24 PM
26/03/2026,4:48 AM,6:05 AM,12:10 PM,3:21 PM,6:15 PM,7:23 PM
27/03/2026,4:47 AM,6:04 AM,12:10 PM,3:20 PM,6:15 PM,7:23 PM
28/03/2026,4:47 AM,6:04 AM,12:10 PM,3:19 PM,6:15 PM,7:23 PM
29/03/2026,4:46 AM,6:03 AM,12:09 PM,3:18 PM,6:15 PM,7:23 PM
30/03/2026,4:46 AM,6:03 AM,12:09 PM,3:17 PM,6:14 PM,7:23 PM
31/03/2026,4:45 AM,6:02 AM,12:09 PM,3:16 PM,6:14 PM,7:23 PM
01/04/2026,4:44 AM,6:02 AM,12:08 PM,3:15 PM,6:14 PM,7:23 PM
02/04/2026,4:44 AM,6:01 AM,12:08 PM,3:15 PM,6:14 PM,7:23 PM
03/04/2026,4:43 AM,6:01 AM,12:08 PM,3:14 PM,6:14 PM,7:23 PM
04/04/2026,4:43 AM,6:00 AM,12:08 PM,3:13 PM,6:14 PM,7:23 PM
05/04/2026,4:42 AM,6:00 AM,12:07 PM,3:12 PM,6:14 PM,7:23 PM
06/04/2026,4:42 AM,5:59 AM,12:07 PM,3:11 PM,6:14 PM,7:23 PM
07/04/2026,4:41 AM,5:59 AM,12:07 PM,3:10 PM,6:14 PM,7:23 PM
08/04/2026,4:40 AM,5:58 AM,12:06 PM,3:09 PM,6:14 PM,7:23 PM
09/04/2026,4:40 AM,5:58 AM,12:06 PM,3:08 PM,6:14 PM,7:23 PM
10/04/2026,4:39 AM,5:57 AM,12:06 PM,3:08 PM,6:14 PM,7:23 PM
11/04/2026,4:39 AM,5:57 AM,12:06 PM,3:08 PM,6:14 PM,7:23 PM
12/04/2026,4:38 AM,5:56 AM,12:05 PM,3:09 PM,6:13 PM,7:23 PM
13/04/2026,4:38 AM,5:56 AM,12:05 PM,3:09 PM,6:13 PM,7:23 PM
14/04/2026,4:37 AM,5:55 AM,12:05 PM,3:10 PM,6:13 PM,7:23 PM
15/04/2026,4:37 AM,5:55 AM,12:05 PM,3:10 PM,6:13 PM,7:23 PM
16/04/2026,4:36 AM,5:54 AM,12:04 PM,3:11 PM,6:13 PM,7:23 PM
17/04/2026,4:35 AM,5:54 AM,12:04 PM,3:11 PM,6:13 PM,7:23 PM
18/04/2026,4:35 AM,5:54 AM,12:04 PM,3:12 PM,6:13 PM,7:23 PM
19/04/2026,4:34 AM,5:53 AM,12:04 PM,3:12 PM,6:13 PM,7:24 PM
20/04/2026,4:34 AM,5:53 AM,12:03 PM,3:13 PM,6:13 PM,7:24 PM
21/04/2026,4:33 AM,5:52 AM,12:03 PM,3:13 PM,6:13 PM,7:24 PM
22/04/2026,4:33 AM,5:52 AM,12:03 PM,3:14 PM,6:13 PM,7:24 PM
23/04/2026,4:32 AM,5:52 AM,12:03 PM,3:14 PM,6:13 PM,7:24 PM
24/04/2026,4:32 AM,5:51 AM,12:03 PM,3:15 PM,6:13 PM,7:24 PM
25/04/2026,4:31 AM,5:51 AM,12:03 PM,3:15 PM,6:13 PM,7:24 PM
26/04/2026,4:31 AM,5:50 AM,12:02 PM,3:15 PM,6:13 PM,7:24 PM
27/04/2026,4:30 AM,5:50 AM,12:02 PM,3:16 PM,6:13 PM,7:25 PM
28/04/2026,4:30 AM,5:50 AM,12:02 PM,3:16 PM,6:13 PM,7:25 PM
29/04/2026,4:29 AM,5:49 AM,12:02 PM,3:16 PM,6:13 PM,7:25 PM
30/04/2026,4:29 AM,5:49 AM,12:02 PM,3:17 PM,6:13 PM,7:25 PM
01/05/2026,4:28 AM,5:49 AM,12:02 PM,3:17 PM,6:13 PM,7:25 PM
02/05/2026,4:28 AM,5:49 AM,12:02 PM,3:18 PM,6:14 PM,7:25 PM
03/05/2026,4:28 AM,5:48 AM,12:01 PM,3:18 PM,6:14 PM,7:26 PM
04/05/2026,4:27 AM,5:48 AM,12:01 PM,3:18 PM,6:14 PM,7:26 PM
05/05/2026,4:27 AM,5:48 AM,12:01 PM,3:19 PM,6:14 PM,7:26 PM
06/05/2026,4:26 AM,5:47 AM,12:01 PM,3:19 PM,6:14 PM,7:26 PM
07/05/2026,4:26 AM,5:47 AM,12:01 PM,3:19 PM,6:14 PM,7:26 PM
08/05/2026,4:26 AM,5:47 AM,12:01 PM,3:20 PM,6:14 PM,7:27 PM
09/05/2026,4:25 AM,5:47 AM,12:01 PM,3:20 PM,6:14 PM,7:27 PM
10/05/2026,4:25 AM,5:46 AM,12:01 PM,3:21 PM,6:14 PM,7:27 PM
11/05/2026,4:25 AM,5:46 AM,12:01 PM,3:21 PM,6:14 PM,7:27 PM
12/05/2026,4:24 AM,5:46 AM,12:01 PM,3:21 PM,6:15 PM,7:28 PM
13/05/2026,4:24 AM,5:46 AM,12:01 PM,3:22 PM,6:15 PM,7:28 PM
14/05/2026,4:24 AM,5:46 AM,12:01 PM,3:22 PM,6:15 PM,7:28 PM
15/05/2026,4:23 AM,5:46 AM,12:01 PM,3:22 PM,6:15 PM,7:28 PM
16/05/2026,4:23 AM,5:45 AM,12:01 PM,3:23 PM,6:15 PM,7:29 PM
17/05/2026,4:23 AM,5:45 AM,12:01 PM,3:23 PM,6:16 PM,7:29 PM
18/05/2026,4:23 AM,5:45 AM,12:01 PM,3:23 PM,6:16 PM,7:29 PM
19/05/2026,4:23 AM,5:45 AM,12:01 PM,3:24 PM,6:16 PM,7:30 PM
20/05/2026,4:22 AM,5:45 AM,12:01 PM,3:24 PM,6:16 PM,7:30 PM
21/05/2026,4:22 AM,5:45 AM,12:01 PM,3:24 PM,6:16 PM,7:30 PM
22/05/2026,4:22 AM,5:45 AM,12:01 PM,3:25 PM,6:17 PM,7:31 PM
23/05/2026,4:22 AM,5:45 AM,12:01 PM,3:25 PM,6:17 PM,7:31 PM
24/05/2026,4:21 AM,5:45 AM,12:01 PM,3:25 PM,6:17 PM,7:31 PM
25/05/2026,4:21 AM,5:45 AM,12:01 PM,3:26 PM,6:17 PM,7:32 PM
26/05/2026,4:21 AM,5:45 AM,12:02 PM,3:26 PM,6:17 PM,7:32 PM
27/05/2026,4:21 AM,5:45 AM,12:02 PM,3:26 PM,6:18 PM,7:32 PM
28/05/2026,4:21 AM,5:45 AM,12:02 PM,3:27 PM,6:18 PM,7:33 PM
29/05/2026,4:21 AM,5:45 AM,12:02 PM,3:27 PM,6:18 PM,7:33 PM
30/05/2026,4:21 AM,5:45 AM,12:02 PM,3:27 PM,6:18 PM,7:33 PM
31/05/2026,4:21 AM,5:45 AM,12:02 PM,3:28 PM,6:19 PM,7:34 PM
01/06/2026,4:21 AM,5:45 AM,12:02 PM,3:28 PM,6:19 PM,7:34 PM
02/06/2026,4:21 AM,5:45 AM,12:03 PM,3:28 PM,6:19 PM,7:34 PM
03/06/2026,4:21 AM,5:45 AM,12:03 PM,3:29 PM,6:19 PM,7:35 PM
04/06/2026,4:21 AM,5:45 AM,12:03 PM,3:29 PM,6:20 PM,7:35 PM
05/06/2026,4:21 AM,5:45 AM,12:03 PM,3:29 PM,6:20 PM,7:35 PM
06/06/2026,4:21 AM,5:45 AM,12:03 PM,3:30 PM,6:20 PM,7:36 PM
07/06/2026,4:21 AM,5:45 AM,12:03 PM,3:30 PM,6:20 PM,7:36 PM
08/06/2026,4:21 AM,5:46 AM,12:04 PM,3:30 PM,6:20 PM,7:36 PM
09/06/2026,4:21 AM,5:46 AM,12:04 PM,3:30 PM,6:21 PM,7:37 PM
10/06/2026,4:21 AM,5:46 AM,12:04 PM,3:31 PM,6:21 PM,7:37 PM
11/06/2026,4:21 AM,5:46 AM,12:04 PM,3:31 PM,6:21 PM,7:37 PM
12/06/2026,4:21 AM,5:46 AM,12:04 PM,3:31 PM,6:22 PM,7:37 PM
13/06/2026,4:21 AM,5:46 AM,12:05 PM,3:32 PM,6:22 PM,7:38 PM
14/06/2026,4:22 AM,5:47 AM,12:05 PM,3:32 PM,6:22 PM,7:38 PM
15/06/2026,4:22 AM,5:47 AM,12:05 PM,3:32 PM,6:22 PM,7:38 PM
16/06/2026,4:22 AM,5:47 AM,12:05 PM,3:32 PM,6:23 PM,7:39 PM
17/06/2026,4:22 AM,5:47 AM,12:05 PM,3:33 PM,6:23 PM,7:39 PM
18/06/2026,4:22 AM,5:47 AM,12:06 PM,3:33 PM,6:23 PM,7:39 PM
19/06/2026,4:22 AM,5:48 AM,12:06 PM,3:33 PM,6:23 PM,7:39 PM
20/06/2026,4:22 AM,5:48 AM,12:06 PM,3:33 PM,6:24 PM,7:40 PM
21/06/2026,4:23 AM,5:48 AM,12:06 PM,3:34 PM,6:24 PM,7:40 PM
22/06/2026,4:23 AM,5:48 AM,12:07 PM,3:34 PM,6:24 PM,7:40 PM
23/06/2026,4:23 AM,5:48 AM,12:07 PM,3:34 PM,6:24 PM,7:40 PM
24/06/2026,4:23 AM,5:48 AM,12:07 PM,3:34 PM,6:24 PM,7:40 PM
25/06/2026,4:24 AM,5:49 AM,12:07 PM,3:34 PM,6:24 PM,7:41 PM
26/06/2026,4:24 AM,5:49 AM,12:07 PM,3:35 PM,6:25 PM,7:41 PM
27/06/2026,4:24 AM,5:49 AM,12:08 PM,3:35 PM,6:25 PM,7:41 PM
28/06/2026,4:24 AM,5:49 AM,12:08 PM,3:35 PM,6:25 PM,7:41 PM
29/06/2026,4:25 AM,5:50 AM,12:08 PM,3:35 PM,6:25 PM,7:41 PM
30/06/2026,4:25 AM,5:50 AM,12:08 PM,3:35 PM,6:26 PM,7:41 PM
01/07/2026,4:25 AM,5:50 AM,12:08 PM,3:35 PM,6:26 PM,7:41 PM
02/07/2026,4:25 AM,5:50 AM,12:09 PM,3:35 PM,6:26 PM,7:42 PM
03/07/2026,4:26 AM,5:51 AM,12:09 PM,3:36 PM,6:26 PM,7:42 PM
04/07/2026,4:26 AM,5:51 AM,12:09 PM,3:36 PM,6:26 PM,7:42 PM
05/07/2026,4:26 AM,5:51 AM,12:09 PM,3:36 PM,6:26 PM,7:42 PM
06/07/2026,4:27 AM,5:51 AM,12:09 PM,3:36 PM,6:26 PM,7:42 PM
07/07/2026,4:27 AM,5:52 AM,12:09 PM,3:36 PM,6:26 PM,7:42 PM
08/07/2026,4:27 AM,5:52 AM,12:10 PM,3:36 PM,6:26 PM,7:42 PM
09/07/2026,4:27 AM,5:52 AM,12:10 PM,3:36 PM,6:27 PM,7:42 PM
10/07/2026,4:28 AM,5:52 AM,12:10 PM,3:36 PM,6:27 PM,7:42 PM
11/07/2026,4:28 AM,5:52 AM,12:10 PM,3:36 PM,6:27 PM,7:42 PM
12/07/2026,4:28 AM,5:53 AM,12:10 PM,3:36 PM,6:27 PM,7:42 PM
13/07/2026,4:29 AM,5:53 AM,12:10 PM,3:36 PM,6:27 PM,7:42 PM
14/07/2026,4:29 AM,5:53 AM,12:10 PM,3:36 PM,6:27 PM,7:42 PM
15/07/2026,4:29 AM,5:53 AM,12:10 PM,3:36 PM,6:27 PM,7:42 PM
16/07/2026,4:30 AM,5:53 AM,12:11 PM,3:36 PM,6:27 PM,7:42 PM
17/07/2026,4:30 AM,5:54 AM,12:11 PM,3:36 PM,6:27 PM,7:41 PM
18/07/2026,4:30 AM,5:54 AM,12:11 PM,3:35 PM,6:27 PM,7:41 PM
19/07/2026,4:31 AM,5:54 AM,12:11 PM,3:35 PM,6:27 PM,7:41 PM
20/07/2026,4:31 AM,5:54 AM,12:11 PM,3:35 PM,6:26 PM,7:41 PM
21/07/2026,4:31 AM,5:54 AM,12:11 PM,3:35 PM,6:26 PM,7:41 PM
22/07/2026,4:31 AM,5:55 AM,12:11 PM,3:35 PM,6:26 PM,7:41 PM
23/07/2026,4:32 AM,5:55 AM,12:11 PM,3:34 PM,6:26 PM,7:40 PM
24/07/2026,4:32 AM,5:55 AM,12:11 PM,3:34 PM,6:26 PM,7:40 PM
25/07/2026,4:32 AM,5:55 AM,12:11 PM,3:34 PM,6:26 PM,7:40 PM
26/07/2026,4:33 AM,5:55 AM,12:11 PM,3:34 PM,6:26 PM,7:40 PM
27/07/2026,4:33 AM,5:55 AM,12:11 PM,3:33 PM,6:26 PM,7:39 PM
28/07/2026,4:33 AM,5:55 AM,12:11 PM,3:33 PM,6:26 PM,7:39 PM
29/07/2026,4:33 AM,5:56 AM,12:11 PM,3:33 PM,6:25 PM,7:39 PM
30/07/2026,4:34 AM,5:56 AM,12:11 PM,3:32 PM,6:25 PM,7:39 PM
31/07/2026,4:34 AM,5:56 AM,12:11 PM,3:32 PM,6:25 PM,7:38 PM
01/08/2026,4:34 AM,5:56 AM,12:11 PM,3:31 PM,6:25 PM,7:38 PM
02/08/2026,4:34 AM,5:56 AM,12:11 PM,3:31 PM,6:25 PM,7:38 PM
03/08/2026,4:34 AM,5:56 AM,12:11 PM,3:31 PM,6:24 PM,7:37 PM
04/08/2026,4:35 AM,5:56 AM,12:11 PM,3:30 PM,6:24 PM,7:37 PM
05/08/2026,4:35 AM,5:56 AM,12:10 PM,3:30 PM,6:24 PM,7:36 PM
06/08/2026,4:35 AM,5:56 AM,12:10 PM,3:29 PM,6:23 PM,7:36 PM
07/08/2026,4:35 AM,5:56 AM,12:10 PM,3:29 PM,6:23 PM,7:36 PM
08/08/2026,4:35 AM,5:56 AM,12:10 PM,3:28 PM,6:23 PM,7:35 PM
09/08/2026,4:36 AM,5:56 AM,12:10 PM,3:27 PM,6:23 PM,7:35 PM
10/08/2026,4:36 AM,5:56 AM,12:10 PM,3:27 PM,6:22 PM,7:34 PM
11/08/2026,4:36 AM,5:57 AM,12:10 PM,3:26 PM,6:22 PM,7:34 PM
12/08/2026,4:36 AM,5:57 AM,12:10 PM,3:26 PM,6:22 PM,7:33 PM
13/08/2026,4:36 AM,5:56 AM,12:09 PM,3:25 PM,6:21 PM,7:33 PM
14/08/2026,4:36 AM,5:56 AM,12:09 PM,3:24 PM,6:21 PM,7:32 PM
15/08/2026,4:37 AM,5:57 AM,12:09 PM,3:24 PM,6:20 PM,7:32 PM
16/08/2026,4:37 AM,5:57 AM,12:09 PM,3:23 PM,6:20 PM,7:31 PM
17/08/2026,4:37 AM,5:56 AM,12:09 PM,3:22 PM,6:20 PM,7:31 PM
18/08/2026,4:37 AM,5:56 AM,12:08 PM,3:21 PM,6:19 PM,7:30 PM
19/08/2026,4:37 AM,5:56 AM,12:08 PM,3:21 PM,6:19 PM,7:30 PM
20/08/2026,4:37 AM,5:56 AM,12:08 PM,3:20 PM,6:18 PM,7:29 PM
21/08/2026,4:37 AM,5:56 AM,12:08 PM,3:19 PM,6:18 PM,7:29 PM
22/08/2026,4:37 AM,5:56 AM,12:07 PM,3:18 PM,6:18 PM,7:28 PM
23/08/2026,4:37 AM,5:56 AM,12:07 PM,3:17 PM,6:17 PM,7:28 PM
24/08/2026,4:37 AM,5:56 AM,12:07 PM,3:16 PM,6:17 PM,7:27 PM
25/08/2026,4:37 AM,5:56 AM,12:07 PM,3:15 PM,6:16 PM,7:26 PM
26/08/2026,4:37 AM,5:56 AM,12:06 PM,3:14 PM,6:16 PM,7:26 PM
27/08/2026,4:37 AM,5:56 AM,12:06 PM,3:13 PM,6:15 PM,7:25 PM
28/08/2026,4:37 AM,5:56 AM,12:06 PM,3:12 PM,6:15 PM,7:25 PM
29/08/2026,4:37 AM,5:56 AM,12:05 PM,3:11 PM,6:14 PM,7:24 PM
30/08/2026,4:37 AM,5:56 AM,12:05 PM,3:10 PM,6:14 PM,7:24 PM
31/08/2026,4:37 AM,5:56 AM,12:05 PM,3:09 PM,6:13 PM,7:23 PM
01/09/2026,4:37 AM,5:55 AM,12:04 PM,3:08 PM,6:13 PM,7:22 PM
02/09/2026,4:37 AM,5:55 AM,12:04 PM,3:07 PM,6:12 PM,7:22 PM
03/09/2026,4:37 AM,5:55 AM,12:04 PM,3:06 PM,6:12 PM,7:21 PM
04/09/2026,4:37 AM,5:55 AM,12:04 PM,3:06 PM,6:11 PM,7:21 PM
05/09/2026,4:37 AM,5:55 AM,12:03 PM,3:06 PM,6:11 PM,7:20 PM
06/09/2026,4:37 AM,5:55 AM,12:03 PM,3:06 PM,6:10 PM,7:19 PM
07/09/2026,4:37 AM,5:55 AM,12:03 PM,3:07 PM,6:09 PM,7:19 PM
08/09/2026,4:37 AM,5:55 AM,12:02 PM,3:07 PM,6:09 PM,7:18 PM
09/09/2026,4:37 AM,5:54 AM,12:02 PM,3:07 PM,6:08 PM,7:17 PM
10/09/2026,4:37 AM,5:54 AM,12:01 PM,3:07 PM,6:08 PM,7:17 PM
11/09/2026,4:37 AM,5:54 AM,12:01 PM,3:08 PM,6:07 PM,7:16 PM
12/09/2026,4:37 AM,5:54 AM,12:01 PM,3:08 PM,6:07 PM,7:16 PM
13/09/2026,4:37 AM,5:54 AM,12:00 PM,3:08 PM,6:06 PM,7:15 PM
14/09/2026,4:37 AM,5:54 AM,12:00 PM,3:08 PM,6:05 PM,7:14 PM
15/09/2026,4:37 AM,5:54 AM,12:00 PM,3:08 PM,6:05 PM,7:14 PM
16/09/2026,4:36 AM,5:53 AM,11:59 AM,3:09 PM,6:04 PM,7:13 PM
17/09/2026,4:36 AM,5:53 AM,11:59 AM,3:09 PM,6:04 PM,7:13 PM
18/09/2026,4:36 AM,5:53 AM,11:59 AM,3:09 PM,6:03 PM,7:12 PM
19/09/2026,4:36 AM,5:53 AM,11:58 AM,3:09 PM,6:03 PM,7:11 PM
20/09/2026,4:36 AM,5:53 AM,11:58 AM,3:09 PM,6:02 PM,7:11 PM
21/09/2026,4:36 AM,5:53 AM,11:58 AM,3:09 PM,6:01 PM,7:10 PM
22/09/2026,4:36 AM,5:52 AM,11:57 AM,3:09 PM,6:01 PM,7:09 PM
23/09/2026,4:36 AM,5:53 AM,11:57 AM,3:10 PM,6:00 PM,7:09 PM
24/09/2026,4:36 AM,5:52 AM,11:57 AM,3:10 PM,6:00 PM,7:08 PM
25/09/2026,4:35 AM,5:52 AM,11:56 AM,3:10 PM,5:59 PM,7:08 PM
26/09/2026,4:35 AM,5:52 AM,11:56 AM,3:10 PM,5:58 PM,7:07 PM
27/09/2026,4:35 AM,5:52 AM,11:55 AM,3:10 PM,5:58 PM,7:07 PM
28/09/2026,4:35 AM,5:52 AM,11:55 AM,3:10 PM,5:58 PM,7:06 PM
29/09/2026,4:35 AM,5:52 AM,11:55 AM,3:10 PM,5:57 PM,7:05 PM
30/09/2026,4:35 AM,5:52 AM,11:54 AM,3:10 PM,5:56 PM,7:05 PM
01/10/2026,4:35 AM,5:51 AM,11:54 AM,3:10 PM,5:56 PM,7:05 PM
02/10/2026,4:35 AM,5:51 AM,11:54 AM,3:10 PM,5:55 PM,7:04 PM
03/10/2026,4:34 AM,5:51 AM,11:54 AM,3:10 PM,5:55 PM,7:04 PM
04/10/2026,4:34 AM,5:51 AM,11:53 AM,3:10 PM,5:54 PM,7:03 PM
05/10/2026,4:34 AM,5:51 AM,11:53 AM,3:10 PM,5:54 PM,7:03 PM
06/10/2026,4:34 AM,5:51 AM,11:53 AM,3:10 PM,5:53 PM,7:02 PM
07/10/2026,4:34 AM,5:51 AM,11:52 AM,3:10 PM,5:53 PM,7:02 PM
08/10/2026,4:34 AM,5:51 AM,11:52 AM,3:10 PM,5:52 PM,7:01 PM
09/10/2026,4:34 AM,5:51 AM,11:52 AM,3:10 PM,5:52 PM,7:01 PM
10/10/2026,4:34 AM,5:51 AM,11:52 AM,3:10 PM,5:51 PM,7:00 PM
11/10/2026,4:34 AM,5:51 AM,11:51 AM,3:10 PM,5:51 PM,7:00 PM
12/10/2026,4:33 AM,5:51 AM,11:51 AM,3:10 PM,5:50 PM,7:00 PM
13/10/2026,4:33 AM,5:51 AM,11:51 AM,3:10 PM,5:50 PM,6:59 PM
14/10/2026,4:33 AM,5:50 AM,11:51 AM,3:09 PM,5:50 PM,6:59 PM
15/10/2026,4:33 AM,5:51 AM,11:50 AM,3:10 PM,5:49 PM,6:58 PM
16/10/2026,4:33 AM,5:50 AM,11:50 AM,3:09 PM,5:49 PM,6:58 PM
17/10/2026,4:33 AM,5:51 AM,11:50 AM,3:09 PM,5:48 PM,6:58 PM
18/10/2026,4:33 AM,5:50 AM,11:50 AM,3:09 PM,5:48 PM,6:57 PM
19/10/2026,4:33 AM,5:51 AM,11:50 AM,3:10 PM,5:48 PM,6:57 PM
20/10/2026,4:33 AM,5:51 AM,11:49 AM,3:09 PM,5:47 PM,6:57 PM
21/10/2026,4:33 AM,5:50 AM,11:49 AM,3:09 PM,5:47 PM,6:56 PM
22/10/2026,4:33 AM,5:51 AM,11:49 AM,3:09 PM,5:47 PM,6:56 PM
23/10/2026,4:33 AM,5:51 AM,11:49 AM,3:09 PM,5:46 PM,6:56 PM
24/10/2026,4:33 AM,5:51 AM,11:49 AM,3:09 PM,5:46 PM,6:56 PM
25/10/2026,4:33 AM,5:51 AM,11:49 AM,3:09 PM,5:45 PM,6:55 PM
26/10/2026,4:33 AM,5:51 AM,11:49 AM,3:09 PM,5:45 PM,6:55 PM
27/10/2026,4:33 AM,5:51 AM,11:48 AM,3:09 PM,5:45 PM,6:55 PM
28/10/2026,4:33 AM,5:51 AM,11:48 AM,3:09 PM,5:45 PM,6:55 PM
29/10/2026,4:33 AM,5:51 AM,11:48 AM,3:09 PM,5:44 PM,6:55 PM
30/10/2026,4:33 AM,5:51 AM,11:48 AM,3:09 PM,5:44 PM,6:55 PM
31/10/2026,4:33 AM,5:51 AM,11:48 AM,3:09 PM,5:44 PM,6:54 PM
01/11/2026,4:33 AM,5:52 AM,11:48 AM,3:09 PM,5:44 PM,6:54 PM
02/11/2026,4:33 AM,5:52 AM,11:48 AM,3:09 PM,5:44 PM,6:54 PM
03/11/2026,4:33 AM,5:52 AM,11:48 AM,3:09 PM,5:43 PM,6:54 PM
04/11/2026,4:33 AM,5:52 AM,11:48 AM,3:10 PM,5:43 PM,6:54 PM
05/11/2026,4:33 AM,5:52 AM,11:48 AM,3:10 PM,5:43 PM,6:54 PM
06/11/2026,4:33 AM,5:53 AM,11:48 AM,3:10 PM,5:43 PM,6:54 PM
07/11/2026,4:33 AM,5:53 AM,11:48 AM,3:10 PM,5:43 PM,6:54 PM
08/11/2026,4:33 AM,5:53 AM,11:48 AM,3:10 PM,5:43 PM,6:54 PM
09/11/2026,4:34 AM,5:53 AM,11:48 AM,3:10 PM,5:43 PM,6:54 PM
10/11/2026,4:34 AM,5:53 AM,11:49 AM,3:10 PM,5:43 PM,6:54 PM
11/11/2026,4:34 AM,5:54 AM,11:49 AM,3:10 PM,5:43 PM,6:54 PM
12/11/2026,4:34 AM,5:54 AM,11:49 AM,3:10 PM,5:43 PM,6:54 PM
13/11/2026,4:34 AM,5:54 AM,11:49 AM,3:11 PM,5:43 PM,6:54 PM
14/11/2026,4:34 AM,5:55 AM,11:49 AM,3:11 PM,5:42 PM,6:54 PM
15/11/2026,4:35 AM,5:55 AM,11:49 AM,3:11 PM,5:43 PM,6:55 PM
16/11/2026,4:35 AM,5:55 AM,11:49 AM,3:11 PM,5:43 PM,6:55 PM
17/11/2026,4:35 AM,5:56 AM,11:50 AM,3:11 PM,5:43 PM,6:55 PM
18/11/2026,4:35 AM,5:56 AM,11:50 AM,3:11 PM,5:43 PM,6:55 PM
19/11/2026,4:35 AM,5:56 AM,11:50 AM,3:12 PM,5:43 PM,6:55 PM
20/11/2026,4:36 AM,5:57 AM,11:50 AM,3:12 PM,5:43 PM,6:55 PM
21/11/2026,4:36 AM,5:57 AM,11:51 AM,3:12 PM,5:43 PM,6:55 PM
22/11/2026,4:36 AM,5:58 AM,11:51 AM,3:12 PM,5:43 PM,6:56 PM
23/11/2026,4:37 AM,5:58 AM,11:51 AM,3:12 PM,5:43 PM,6:56 PM
24/11/2026,4:37 AM,5:58 AM,11:51 AM,3:13 PM,5:43 PM,6:56 PM
25/11/2026,4:37 AM,5:59 AM,11:52 AM,3:13 PM,5:44 PM,6:57 PM
26/11/2026,4:37 AM,5:59 AM,11:52 AM,3:13 PM,5:44 PM,6:57 PM
27/11/2026,4:38 AM,5:59 AM,11:52 AM,3:13 PM,5:44 PM,6:57 PM
28/11/2026,4:38 AM,6:00 AM,11:53 AM,3:14 PM,5:44 PM,6:58 PM
29/11/2026,4:39 AM,6:01 AM,11:53 AM,3:14 PM,5:44 PM,6:58 PM
30/11/2026,4:39 AM,6:01 AM,11:53 AM,3:15 PM,5:45 PM,6:58 PM
01/12/2026,4:39 AM,6:01 AM,11:54 AM,3:15 PM,5:45 PM,6:59 PM
02/12/2026,4:40 AM,6:02 AM,11:54 AM,3:15 PM,5:45 PM,6:59 PM
03/12/2026,4:40 AM,6:02 AM,11:54 AM,3:15 PM,5:46 PM,6:59 PM
04/12/2026,4:40 AM,6:03 AM,11:55 AM,3:16 PM,5:46 PM,7:00 PM
05/12/2026,4:41 AM,6:03 AM,11:55 AM,3:16 PM,5:46 PM,7:00 PM
06/12/2026,4:41 AM,6:04 AM,11:56 AM,3:17 PM,5:47 PM,7:01 PM
07/12/2026,4:42 AM,6:04 AM,11:56 AM,3:17 PM,5:47 PM,7:01 PM
08/12/2026,4:42 AM,6:05 AM,11:57 AM,3:18 PM,5:47 PM,7:01 PM
09/12/2026,4:43 AM,6:05 AM,11:57 AM,3:18 PM,5:48 PM,7:02 PM
10/12/2026,4:43 AM,6:06 AM,11:58 AM,3:18 PM,5:48 PM,7:02 PM
11/12/2026,4:43 AM,6:06 AM,11:58 AM,3:19 PM,5:49 PM,7:03 PM
12/12/2026,4:44 AM,6:07 AM,11:58 AM,3:19 PM,5:49 PM,7:03 PM
13/12/2026,4:44 AM,6:07 AM,11:59 AM,3:20 PM,5:49 PM,7:04 PM
14/12/2026,4:45 AM,6:08 AM,11:59 AM,3:20 PM,5:50 PM,7:04 PM
15/12/2026,4:45 AM,6:08 AM,12:00 PM,3:21 PM,5:50 PM,7:05 PM
16/12/2026,4:46 AM,6:09 AM,12:00 PM,3:21 PM,5:51 PM,7:05 PM
17/12/2026,4:47 AM,6:09 AM,12:01 PM,3:22 PM,5:51 PM,7:06 PM
18/12/2026,4:47 AM,6:10 AM,12:01 PM,3:22 PM,5:52 PM,7:06 PM
19/12/2026,4:47 AM,6:11 AM,12:02 PM,3:22 PM,5:52 PM,7:06 PM
20/12/2026,4:48 AM,6:11 AM,12:02 PM,3:23 PM,5:53 PM,7:07 PM
21/12/2026,4:48 AM,6:11 AM,12:03 PM,3:23 PM,5:53 PM,7:08 PM
22/12/2026,4:49 AM,6:12 AM,12:03 PM,3:24 PM,5:54 PM,7:08 PM
23/12/2026,4:49 AM,6:13 AM,12:04 PM,3:24 PM,5:54 PM,7:08 PM
24/12/2026,4:50 AM,6:13 AM,12:04 PM,3:25 PM,5:55 PM,7:09 PM
25/12/2026,4:50 AM,6:14 AM,12:05 PM,3:25 PM,5:55 PM,7:09 PM
26/12/2026,4:51 AM,6:14 AM,12:05 PM,3:26 PM,5:56 PM,7:10 PM
27/12/2026,4:51 AM,6:14 AM,12:06 PM,3:26 PM,5:56 PM,7:10 PM
28/12/2026,4:52 AM,6:15 AM,12:06 PM,3:27 PM,5:57 PM,7:11 PM
29/12/2026,4:52 AM,6:15 AM,12:07 PM,3:27 PM,5:57 PM,7:11 PM
30/12/2026,4:53 AM,6:16 AM,12:07 PM,3:28 PM,5:58 PM,7:12 PM
31/12/2026,4:53 AM,6:16 AM,12:08 PM,3:28 PM,5:58 PM,7:13 PM


